_MeanReward,Steps,_mean_obs,_min_obs,_max_obs,_std_obs,_mean_act,_min_act,_max_act,_std_act,_mean_adv,_min_adv,_max_adv,_std_adv,_mean_discrew,_min_discrew,_max_discrew,_std_discrew,_Episode,TotalLoss,PolicyEntropy,KL,Beta,_lr_multiplier,BaselineLoss,CriticLoss
-49.13333333333333,750,-0.01423872670113478,-0.7764742506521858,1.1288810024048994,0.018388361048257203,0.0634646120381852,-2.173607349395752,2.1107325553894043,0.3850842851291939,-6.631732200427602e-17,-2.352726932437151,3.432069926532424,0.999978188945101,-0.11451655337997887,-0.2216874429313581,0.0,0.004132863345862441,15,-0.18138095856051975,3.6978111,0.009945402,1.5,1.0,0.005140482528334917,0.09962998
-48.733333333333334,750,-0.020935982161082643,-0.9013217590680285,0.315448620803259,0.011497457772866091,0.0026216988229813675,-2.34641695022583,1.9062180519104004,0.3866399378844434,7.579122514774402e-17,-2.075414644280572,3.470476244309609,0.999964154427694,-0.11656658262212416,-0.2216874429313581,-0.0050000000000000044,0.003911693536704961,30,0.1462099265967475,3.712109,0.007079988,2.25,1.0,0.0028044376530657828,0.2791785
-48.333333333333336,750,-0.04782906360814509,-0.6961185893679456,0.3310074665704253,0.011330007803775443,-0.05448751017901426,-2.472606658935547,2.1709372997283936,0.38124173119557814,2.3684757858670008e-17,-2.288037181282895,2.839929276991329,0.9999691488263924,-0.11619601912504132,-0.2216874429313581,-0.0050000000000000044,0.003859316630616892,45,-0.0014481407454808555,3.707048,0.0015824947,2.25,1.0,0.002515802920380804,0.06464441
-48.06666666666667,750,-0.021435860452626982,-0.7287387635509225,0.4364869174885898,0.019126479456410956,-0.0264802027028054,-2.152761459350586,2.140660285949707,0.40116150492118513,1.1842378929335004e-17,-1.9972130210415067,2.9445872960071253,0.9999642109332375,-0.11325130086586921,-0.2216874429313581,-0.0050000000000000044,0.0037889856062991297,60,-0.06584465027194553,3.7035322,0.0056146304,2.25,1.0,0.002913568920379355,0.08292778
-49.0,750,0.0160301329616837,-0.63567538365185,0.4792199833004491,0.01202310213231988,-0.0018907221895642578,-2.2526731491088867,1.9595309495925903,0.3895862198088169,2.3684757858670005e-18,-1.5259903493613274,2.6686016319451578,0.9999603925215969,-0.11674215733249374,-0.2216874429313581,-0.0050000000000000044,0.003950661349968978,75,-0.05346259117338393,3.6958718,0.003757608,2.25,1.0,0.0024931540138189955,0.08082421
-49.6,750,0.015266846300652606,-0.3234551260823537,0.45688313556732607,0.010051839637904252,0.010695219018186132,-1.9208729267120361,2.2677793502807617,0.376574709230147,-1.8947806286936004e-17,-1.7310995114815253,3.0598597483147203,0.9999593489439288,-0.11701275630911336,-0.2216874429313581,-0.0050000000000000044,0.003992862428083273,90,-0.062482309338039825,3.6829972,0.003747778,2.25,1.0,0.00207795949765727,0.086016275
-49.6,750,-0.00033058789246030355,-0.435548349494584,0.5387905814657834,0.013237998392388275,-0.013553230437217281,-1.9943153858184814,2.0544774532318115,0.38893849839167854,-4.263256414560601e-17,-1.6990041397543016,2.7628452951892335,0.9999538919542489,-0.11665049471084331,-0.2216874429313581,-0.0050000000000000044,0.003983662206066631,105,-0.15398299217393663,3.6754847,0.003108277,2.25,1.0,0.0013461396615947147,0.41145355
-49.93333333333333,750,-0.002723344379508605,-0.40674597441351673,0.47376986137322585,0.012363494346621718,-0.007509830215014517,-1.914520502090454,2.4585416316986084,0.3853340626869897,-2.1316282072803006e-17,-1.5893182111534871,2.6587341939137814,0.9999471787130948,-0.11767731046652886,-0.2216874429313581,-0.0050000000000000044,0.004067706154514575,120,-0.1860630416870117,3.6577332,0.004727846,2.25,1.0,0.0010315090973822924,0.59573615
-49.266666666666666,750,0.012064087778433407,-0.5721494579453521,0.5216138936546555,0.01315904547732669,0.011837684210545074,-1.9748167991638184,2.0334548950195312,0.38455560369993275,-4.0264088359739013e-17,-1.5612390950554191,2.8304600326452745,0.9999297500195031,-0.11640131100759739,-0.2216874429313581,-0.0050000000000000044,0.003943491755987596,135,-0.1436803627005683,3.6764798,0.0051160958,2.25,1.0,0.0005000477844983186,0.324089
-48.4,750,0.0040723082428729546,-0.8649199760541083,0.5894904832882204,0.014271212903900606,0.003988211124980202,-2.3838419914245605,2.201801300048828,0.3967206130686988,-4.263256414560601e-17,-2.104503163845721,2.863390359815055,0.9999106253453809,-0.11520713250131498,-0.2216874429313581,-0.0050000000000000044,0.0038786160591065644,150,-0.11599785805426704,3.699768,0.0051381374,2.25,1.0,0.0003808197712680221,0.39758343
-49.333333333333336,750,0.0066177702543706455,-0.5163161772260106,0.54380240622125,0.01403564374907991,0.03112265683741619,-2.6792538166046143,2.2681992053985596,0.39132213271948535,-3.789561257387201e-17,-2.5596471993275065,3.213615143947456,0.99988439743736,-0.11512211356151932,-0.2216874429313581,-0.004925374375000005,0.004061426561828906,165,-0.1947162246568468,3.6997159,0.0045000147,2.25,1.0,0.000250862438154613,0.7950039
-49.93333333333333,750,0.00866541263917106,-0.8328225457597002,0.6415781923942682,0.024353865378148848,0.007181620186039557,-2.29301118850708,2.2878546714782715,0.40699300094642543,-6.158037043254201e-17,-2.3414109161009318,3.829429019704783,0.9998423268250832,-0.11765097547069138,-0.2216874429313581,-0.0050000000000000044,0.004062878791611039,180,-0.20992740631103515,3.701652,0.003767716,2.25,1.0,0.00022538475973293555,0.9281515
-49.8,750,-0.0066724047160395044,-0.926304364514025,0.5974311867872548,0.022916929934799584,-0.029359109752501052,-2.2392117977142334,2.2452385425567627,0.3958328931837114,1.8947806286936004e-17,-2.9123001302881826,5.346697039681933,0.9998149714546903,-0.11741690767739267,-0.2216874429313581,-0.0050000000000000044,0.004036795693657298,195,-0.1548689270070394,3.6892765,0.006456988,3.375,1.0,0.00010222177528371382,0.5610803
-49.8,750,0.002266294777496602,-0.9595587384764704,0.5758190930530627,0.02369770408422359,0.001011224119924009,-2.2157673835754395,2.292384386062622,0.4188595433117245,-1.8947806286936004e-17,-3.6356330391519367,5.324139145716889,0.99977351781384,-0.11749056283355386,-0.2216874429313581,-0.0050000000000000044,0.004040265274289028,210,-0.08506898880004883,3.6839726,0.0014809627,2.25,1.0,7.05062276897969e-05,0.11276263
-48.733333333333334,750,-0.007591083413682193,-0.8943303124685034,0.5885640445353014,0.020930185132016617,-0.023580792327877135,-2.004229784011841,2.0784401893615723,0.3999806849352651,0.0,-1.7086776817453453,4.483237036655769,0.9998143597385712,-0.1145161216950998,-0.2216874429313581,0.0,0.00407908284377717,225,-0.13331061364248065,3.6997178,0.0040054577,2.25,1.0,0.0001617110631113548,0.43247756
-49.733333333333334,750,0.012112053172657254,-0.8651702923426553,0.5450838789985276,0.019415155884572707,0.016228950443988047,-2.5123836994171143,2.62446928024292,0.4257711189653259,-1.8947806286936004e-17,-2.6820590137606795,4.4028654862128205,0.9996671862396389,-0.11752773492578664,-0.2216874429313581,-0.0050000000000000044,0.004044318122829311,240,-0.10413331031502618,3.6968336,0.006497261,3.375,1.0,3.2957119105762176e-05,0.31603774
-49.86666666666667,750,-0.02044117019126261,-0.8093968428019779,0.5206167006211695,0.013964365091036128,-0.06798946184331241,-2.2866015434265137,2.0058960914611816,0.3939632966721702,-2.842170943040401e-17,-3.037171886796677,3.71099296784655,0.9995968544148706,-0.11762490119129612,-0.2216874429313581,-0.0050000000000000044,0.004058583440570736,255,-0.10367359161461724,3.6984835,0.002940001,3.375,1.0,2.211839070111409e-05,0.22179022
-48.6,750,-0.0008148385560032879,-0.848366527823341,0.5222357216353564,0.021805351487783273,-0.029907101440553863,-2.1115424633026123,2.0739636421203613,0.43016749116908765,0.0,-1.9527220820753874,3.058396714030406,0.99975028246977,-0.11456479407329064,-0.2216874429313581,-0.0050000000000000044,0.0038564330971920355,270,-0.037083261022355825,3.6895466,0.0015887514,3.375,1.0,8.716299491173999e-05,0.09266783
-49.46666666666667,750,0.021842277261334916,-0.41385711775530865,0.5615756740439417,0.01184046240526003,0.0790472245492662,-2.163614273071289,2.4281039237976074,0.38009241371575536,9.473903143468002e-18,-2.4227509357805177,3.78885600431836,0.9996816949984999,-0.11621198304422506,-0.2216874429313581,-0.0050000000000000044,0.004019500121387001,285,-0.06878456115637885,3.6816142,0.0016064962,3.375,1.0,5.1443247714331607e-05,0.09365551
-49.6,750,-0.023738109647216624,-0.8999709084833174,0.5602993686337154,0.019807395861579834,-0.10497392956726254,-2.2376108169555664,2.459317445755005,0.42346282681241854,-4.736951571734001e-18,-2.387430681808642,3.828897052552976,0.9996417240803077,-0.11656174785996101,-0.2216874429313581,-0.0050000000000000044,0.0039954980236997315,300,-0.034262008674621584,3.6850796,0.001650014,3.375,1.0,3.4835119727276176e-05,0.09964879
-49.93333333333333,750,-0.02408252337223442,-1.0551535171748767,0.5980779130100558,0.023023736852531142,-0.05883769064148267,-2.0841665267944336,2.130082607269287,0.43204130801593255,-2.842170943040401e-17,-3.9093504727333186,4.506451229807363,0.9995372760514817,-0.11753878920756915,-0.2216874429313581,-0.0050000000000000044,0.004052733974516225,315,-0.013701336378733317,3.6781857,0.0023840023,3.375,1.0,2.1065263221769646e-05,0.028419351
-49.93333333333333,750,-0.02224610633506541,-0.8982056129324287,0.5906533463910556,0.025737003095729714,-0.031839665709684294,-2.2812740802764893,2.313793659210205,0.43410684645512637,-2.6053233644537006e-17,-3.25755619949524,3.141913555884231,0.9995424394467789,-0.11767731046652886,-0.2216874429313581,-0.0050000000000000044,0.0040677061545145755,330,0.041304006577385796,3.6883173,0.0022138704,3.375,1.0,1.9571750916930703e-05,0.08663329
-48.6,750,-0.005422925681830688,-0.7812525486446061,0.48133317591523395,0.016435103551755453,-0.03937042695648658,-2.1663923263549805,2.4785311222076416,0.38901263398992997,3.789561257387201e-17,-2.4011033333609504,3.9530685147768536,0.9997437336002662,-0.11465907256493411,-0.2216874429313581,-0.0050000000000000044,0.003833028539550393,345,0.07211454391479492,3.696054,0.0035657065,3.375,1.0,9.326771503649249e-05,0.10345749
-49.86666666666667,750,0.024480173070220775,-0.8407000139616938,0.6236729672781178,0.015574356233618266,0.05565733790770173,-2.030940294265747,2.4031898975372314,0.38150355503089195,-4.7369515717340015e-17,-2.8884690108549442,4.858717273049768,0.9994336107881603,-0.11723812629159668,-0.2216874429313581,-0.0050000000000000044,0.004047950920129903,360,0.009086539748721652,3.6955624,0.002981286,3.375,1.0,1.490309719528706e-05,0.026776087
-49.13333333333333,750,0.0010303563321153342,-0.821403284464709,0.46448435171635605,0.01710535523615123,-0.027042412603584427,-2.3859219551086426,2.1728410720825195,0.42096364247221796,0.0,-3.68277143965725,4.596350027060892,0.9996387732323778,-0.11635362457245359,-0.2216874429313581,-0.0050000000000000044,0.003982889194959945,375,0.020466086865319148,3.6885452,0.0020514263,3.375,1.0,3.1694517915532074e-05,0.03447879
-49.86666666666667,750,-0.013390557666886472,-0.813469845096705,0.6755877809154459,0.024981000769421745,-0.03287482090263317,-2.3733415603637695,2.657841920852661,0.42006794776772804,1.4210854715202004e-17,-3.1844548232897543,3.777854976473933,0.9995646969019105,-0.11762450813819136,-0.2216874429313581,-0.0050000000000000044,0.004058076592745361,390,0.059571828847249354,3.6860588,0.0023444018,3.375,1.0,1.9784240282388603e-05,0.112078406
-49.0,750,0.016218424331319172,-0.5771940143419112,0.4949260870678731,0.014631397249082972,0.05234441993866737,-2.207535743713379,2.292508602142334,0.4127432617782463,9.473903143468002e-18,-1.8439868583122567,5.0632871096642615,0.999674002876398,-0.11503908469514357,-0.2216874429313581,0.0,0.003980334866889238,405,0.06118277550421821,3.6937501,0.001776016,3.375,1.0,5.69472173092006e-05,0.110450506
-49.6,750,0.014189873841581643,-0.7691181083937979,0.4930740891703612,0.015304645585222758,0.04646626148621241,-2.0656020641326904,2.237354278564453,0.39460403177845776,3.789561257387201e-17,-2.189693541808469,3.7020505999901445,0.9995684012802555,-0.1165042419062335,-0.2216874429313581,-0.0050000000000000044,0.003994451158958158,420,0.06803465843454996,3.6900322,0.002034959,3.375,1.0,2.9156260832939855e-05,0.11516015
-49.266666666666666,750,0.04952293579891388,-0.30134511627079164,0.5273984135781393,0.011591039130323713,0.10944386720315864,-2.0966434478759766,2.592097759246826,0.40167703295552487,9.473903143468002e-18,-2.093283089611996,5.068864402856141,0.9995826821259135,-0.11628759236108231,-0.2216874429313581,-0.0050000000000000044,0.003945007544921285,435,0.09644561767323812,3.709275,0.0015125907,3.375,1.0,2.848379247708536e-05,0.23051314
-49.8,750,0.01754661045178859,-0.65866858385508,0.5918175417351408,0.014125193379784275,0.04367436032788828,-2.5596652030944824,2.3917245864868164,0.4064564458264028,-1.4210854715202004e-17,-2.2706007400385118,5.003752652388134,0.99942916853985,-0.11750756746972724,-0.2216874429313581,-0.0050000000000000044,0.00404047983626552,450,0.08209707260301378,3.7071447,0.0014359615,2.25,1.0,1.4494897406302993e-05,0.20615599
-49.6,750,0.0029548357975562028,-0.5888115546507838,0.5695681028521882,0.014976917543590932,0.009649083597585558,-2.299464464187622,2.2892661094665527,0.40638261664091346,9.473903143468002e-18,-1.8689580143811988,4.449211202805451,0.9994845452493661,-0.1171436677756927,-0.2216874429313581,-0.0050000000000000044,0.00400257212551305,465,0.07368768692440457,3.7066383,0.0033177522,2.25,1.0,1.4988394616054492e-05,0.13806485
-49.0,750,-0.004668056722455889,-0.7679650662135984,0.5809199877784161,0.020233539242004165,-0.0031765098925679923,-2.2863259315490723,2.2770936489105225,0.43067183788880004,1.8947806286936004e-17,-1.9156062910339398,5.12557570675686,0.9996639485164933,-0.11674216900465122,-0.2216874429313581,-0.0050000000000000044,0.003934403239505543,480,0.07001573085445828,3.6883829,0.0025979471,2.25,1.0,5.095210939151819e-05,0.104882434
-47.86666666666667,750,-0.007031108400777993,-0.7478715336116415,0.6089653472251245,0.017048097136816282,0.0041351517870401346,-2.2173495292663574,2.3373091220855713,0.3908029025350928,2.3684757858670008e-17,-1.1794843841314875,4.596587725403057,0.9997958474484485,-0.11412568217790173,-0.2216874429313581,-0.0050000000000000044,0.0037783054101760125,495,0.018619718542522853,3.6916842,0.0023300666,2.25,1.0,0.00013587876880167423,0.013026839
-49.666666666666664,750,0.008199073345203929,-0.8239507640459739,0.6788897195795207,0.023922827608264436,0.046949605635367334,-2.1572341918945312,2.3171515464782715,0.4108544807999144,-1.8947806286936004e-17,-2.5556101831404994,4.326033952506632,0.9996140313722441,-0.11678496523994425,-0.2216874429313581,0.0,0.004075633452582448,510,0.09441136360168458,3.7047691,0.0032606195,2.25,1.0,3.832443928320789e-05,0.23841238
-49.8,750,0.022693508739568068,-0.5454942541484727,0.6602019444825419,0.014172343166558968,0.07118246519798413,-2.121455192565918,2.1643850803375244,0.38676009916031545,-1.8947806286936004e-17,-2.059999872357237,3.153447669738148,0.99946721713332,-0.11712554272444535,-0.2216874429313581,-0.0050000000000000044,0.004028497279119272,525,0.030666027069091797,3.7058113,0.00358102,2.25,1.0,1.5906967760311405e-05,0.02835773
-49.6,750,-0.03220460026556495,-0.9241379388775371,0.772038689085814,0.027014826154820506,-0.03610506105516106,-2.836146831512451,2.3814330101013184,0.4222523408537552,-1.4210854715202004e-17,-2.41424821927658,4.392445358925951,0.9995733920989006,-0.11720120634708443,-0.2216874429313581,-0.0050000000000000044,0.00400259767611982,540,0.06659750938288371,3.719813,0.0059921267,2.25,1.0,2.4515471527005292e-05,0.16356573
-49.46666666666667,750,-0.0035653677413422843,-0.7663716786140004,0.7249354996033911,0.0174663435113125,0.01843433740005518,-2.4628896713256836,2.7649898529052734,0.4099501955988841,0.0,-2.7018669627815144,3.6207332148293743,0.9996140982905763,-0.11634354848174747,-0.2216874429313581,-0.0050000000000000044,0.0040156391036723395,555,0.016195139890034994,3.7070746,0.002869751,2.25,1.0,3.339515839424877e-05,0.02013122
-47.86666666666667,750,-0.0021754358695751804,-0.7215325940054449,0.6407760045614349,0.015659618911346845,0.039071976775769145,-2.0821502208709717,2.2614877223968506,0.3916919042421675,-1.8947806286936004e-17,-1.3819120078584244,3.86521167505706,0.9997600290543751,-0.11219341983745541,-0.2216874429313581,0.0,0.0038663438655505158,570,0.09848989487372505,3.7002823,0.00478592,2.25,1.0,0.00011109771987119148,0.30579448
-49.0,750,0.010562545278307144,-0.6149979011468779,0.6153623283868045,0.016265296461890552,0.04082317598334824,-2.4273107051849365,2.5172791481018066,0.39403515867160877,5.684341886080802e-17,-2.3900630251430854,5.172942263061979,0.9996588064230112,-0.11677488331099876,-0.2216874429313581,-0.0050000000000000044,0.0039380267453107826,585,0.013601655966016982,3.6960516,0.0017791974,2.25,1.0,3.756242683765839e-05,0.023851324
-49.266666666666666,750,0.024823596750981933,-0.6302424170910262,0.6011651514678281,0.015961447599437774,0.0672153681696703,-2.05460262298584,2.040041923522949,0.38640199203375436,0.0,-2.550914286928484,4.21891168282919,0.9995459420801414,-0.11675712466122472,-0.2216874429313581,-0.0050000000000000044,0.003985455150945141,600,0.07519240855916341,3.690537,0.003488679,2.25,1.0,3.822819608313122e-05,0.13409323
-48.93333333333333,750,0.047955179941751636,-0.6761430234712046,0.6125377953851612,0.012432646190099778,0.13346323345787822,-2.445951223373413,2.407607078552246,0.38457238772919705,0.0,-3.104258683154033,5.7755161865413545,0.999703051573025,-0.1164794628286089,-0.2216874429313581,-0.0050000000000000044,0.003923898665199596,615,0.05361989976416694,3.7076592,0.003602839,2.25,1.0,5.379479723613029e-05,0.071060546
-47.8,750,0.01621128855373606,-0.5706270840675276,0.5854687616348581,0.013834334079018401,0.06768164880635838,-2.2965192794799805,2.9487733840942383,0.4280405811632233,-1.8947806286936004e-17,-1.0296394500485473,3.5976708407743696,0.9997843309683174,-0.11284798338295184,-0.2216874429313581,-0.0050000000000000044,0.0038179582001972518,630,0.006496011017905341,3.712692,0.003772284,2.25,1.0,0.0001648453376299707,0.011324089
-49.733333333333334,750,-0.03866852564339329,-0.854643872857381,0.6098658678127433,0.02450479345259208,-0.017549645041736464,-2.153687000274658,2.5417518615722656,0.40591061423437846,-3.315866100213801e-17,-2.4780205246433646,4.5775016207272285,0.9995377215439929,-0.11716413892756714,-0.2216874429313581,-0.0050000000000000044,0.004008971894046399,645,-0.02735114335844252,3.71333,0.003902132,2.25,1.0,2.8812289877988544e-05,0.023997404
-47.86666666666667,750,-0.011252552831452227,-0.7147809692160036,0.5608674237863934,0.018424468453777137,0.0018896123940745988,-2.2794904708862305,2.012711524963379,0.41934419408523854,-2.3684757858670008e-17,-1.2606078417443065,4.512539976043088,0.9997809641643078,-0.11386686334568147,-0.2216874429313581,-0.0050000000000000044,0.0036949453187112235,660,-0.0009189719029532538,3.7006068,0.0057305284,2.25,1.0,9.775871665278644e-05,0.011329857
-48.6,750,0.014031673285989624,-0.801061490206024,0.54727954290842,0.018206268513015378,0.07073928307540094,-2.194793224334717,2.2044506072998047,0.42008481509897744,0.0,-1.6401793754272398,4.681206474943248,0.9997327435739659,-0.11414467986656884,-0.2216874429313581,-0.0050000000000000044,0.003946333555836843,675,0.11118978500196669,3.698499,0.002533425,2.25,1.0,9.117759742064709e-05,0.28787202
-48.93333333333333,750,0.0019946770627158163,-0.7765085122587183,0.5680804743365079,0.019220625389742334,0.047204347510511675,-2.0190529823303223,2.296051502227783,0.4326114932669737,-2.842170943040401e-17,-2.167378422899942,3.3235208328597023,0.999610155616834,-0.1160582530344063,-0.2216874429313581,-0.0050000000000000044,0.003869574795153721,690,0.04107563494873047,3.710744,0.0047292043,2.25,1.0,4.014369640536792e-05,0.046238445
-48.2,750,0.012668455870026074,-0.64637705314914,0.6308251805067963,0.014074228902955796,0.07207551978365519,-2.3684470653533936,2.5634634494781494,0.4111236261013598,3.789561257387201e-17,-1.7493512449511552,4.271813445992153,0.9997461945801502,-0.11416726678469773,-0.2216874429313581,0.0,0.0038805985465607436,705,0.06750980854543051,3.731131,0.004360194,2.25,1.0,0.00010061342769721574,0.15496954
-49.6,750,0.0039056588970981586,-0.4877615038361644,0.5119189067476125,0.012837517243757455,0.03655868353166928,-2.3437955379486084,2.923931360244751,0.41752373719802127,0.0,-2.13213765257671,3.5473166405791647,0.9995591297053823,-0.11710372864917011,-0.2216874429313581,-0.0050000000000000044,0.003998119552668901,720,0.028859267226325144,3.7298217,0.00325931,2.25,1.0,2.1821024540961514e-05,0.023411801
-48.06666666666667,750,0.0019805859190489077,-0.6328218969095193,0.5315645697862682,0.012487491229863928,0.020472434359136968,-2.4846084117889404,2.320125102996826,0.42767813503160756,-1.8947806286936004e-17,-1.1138308237932408,4.745798839099727,0.9997779386288642,-0.11458510053316165,-0.2216874429313581,-0.0050000000000000044,0.0038249886448624027,735,0.1049105453567505,3.724217,0.0038381442,2.25,1.0,0.00011320443258986582,0.26012015
-48.4,750,-0.019075660544921765,-0.819443607454222,0.6950248083323795,0.021026703460901977,-0.01252604377983759,-2.717754364013672,2.525379180908203,0.43509843432973366,2.3684757858670008e-17,-1.4354211974645728,4.252512128242591,0.9997506384939818,-0.11355514872187315,-0.2216874429313581,-0.0050000000000000044,0.003832221309764698,750,0.0004867851768069797,3.710784,0.0022367325,2.25,1.0,0.00010229183536280097,0.010609743
-48.8,750,0.0037894206458595307,-0.8365053784068153,0.6618275913176823,0.016610527753056954,0.024770797716143232,-2.66298770904541,2.356149673461914,0.41987009503965966,1.8947806286936004e-17,-1.4467406038810686,5.362890951737368,0.999636904822446,-0.11589195791551744,-0.2216874429313581,-0.0050000000000000044,0.003854659488139155,765,0.05473056316502889,3.712755,0.0048654173,2.25,1.0,3.4196128493396725e-05,0.051526956
-48.53333333333333,750,0.0018432176414164398,-0.7245178270643678,0.4172066377568001,0.015535071924998634,0.029214999661470453,-2.190150022506714,2.3008861541748047,0.40189423537941016,-1.8947806286936004e-17,-1.5086192233046227,4.17285295958219,0.9996658030855973,-0.11540276270746222,-0.2216874429313581,-0.0050000000000000044,0.003867640916337109,780,0.010817255980597603,3.6933715,0.0039847572,2.25,1.0,4.8645198267799015e-05,0.0069650346
-48.13333333333333,750,0.018145216324059004,-0.7294454881130669,0.5695972982131237,0.015539072925566928,0.02321783270438512,-2.4429538249969482,2.5989978313446045,0.4272343476247802,1.8947806286936004e-17,-1.0893617577538175,4.450320509349775,0.9997922921815087,-0.11278938426270353,-0.2216874429313581,-0.0050000000000000044,0.0038428584693335744,795,0.05900090216679043,3.6924,0.0020346737,2.25,1.0,0.0001597714598709191,0.12591618
-47.86666666666667,750,-0.02013660098674764,-0.7805377972119966,0.6225392869318341,0.017784636146967042,-0.009098867488714557,-2.449253559112549,2.5727498531341553,0.4437598537872556,0.0,-1.2130943523283209,4.811486594463521,0.9997247709488174,-0.114363650157786,-0.2216874429313581,-0.0050000000000000044,0.00371103922014394,810,-0.0582033729417589,3.692139,0.002272457,2.25,1.0,7.559068945755764e-05,0.09346725
-48.06666666666667,750,-0.005452611165618002,-1.0774622170938477,0.7577253250655764,0.02156451731493177,-0.003857997884663443,-2.0702714920043945,2.330282211303711,0.4310046508627494,0.0,-1.7382361537552453,6.075653997186492,0.9997284587109897,-0.11529165468192003,-0.2216874429313581,-0.0050000000000000044,0.003838876911742002,825,0.0981222629553477,3.6798835,0.0067113983,3.375,1.0,6.390856963857126e-05,0.1851751
-48.46666666666667,750,0.009504059678205746,-0.7830826063854001,0.7778184064971259,0.020202250826173402,0.034401844266802074,-2.09836483001709,2.3086514472961426,0.42724201056216754,5.684341886080802e-17,-1.6573184369678229,6.092934503394745,0.9997504820180002,-0.11538474223072154,-0.2216874429313581,-0.0050000000000000044,0.003830269520512669,840,0.0881855583199395,3.671077,0.0014723107,2.25,1.0,7.896075029069431e-05,0.23486237
-47.6,750,0.001976292862750936,-0.7700149817177984,0.5579588576889438,0.017879999077937973,0.01064788118066887,-2.2309415340423584,2.135192632675171,0.42508579144596514,-1.8947806286936004e-17,-1.6181213962425365,4.65720470538418,0.9997292186851264,-0.1137391408809272,-0.2216874429313581,-0.0050000000000000044,0.0036606470744244514,855,0.011503120663324993,3.6693585,0.0027062206,2.25,1.0,7.749439379604585e-05,0.02362697
-48.266666666666666,750,0.0036663408130478688,-0.8152795236758209,0.6946348009330687,0.018706617537622646,0.01722946154574553,-2.463552951812744,2.226989269256592,0.44149871239796357,0.0,-1.7930108272649272,4.860918268175575,0.9996535280564528,-0.11509198398376168,-0.2216874429313581,-0.0050000000000000044,0.0038621847737809792,870,0.10861138342793783,3.6688046,0.004680149,2.25,1.0,3.8130843038651105e-05,0.25518748
-48.0,750,0.00744981547148293,-0.8098137100992553,0.6455270637615566,0.017524171292178987,0.003406194169074297,-2.088697671890259,2.1426942348480225,0.45078644803410683,-1.8947806286936004e-17,-1.400069993033566,5.200750217748329,0.999774678758996,-0.11427513749647068,-0.2216874429313581,-0.0050000000000000044,0.0037852203544575386,885,0.08545825958887736,3.674213,0.0024836166,2.25,1.0,0.0001242838296946602,0.16942649
-48.8,750,0.0022380401060906837,-0.8945993779965608,0.5836442111034851,0.01946617568673686,-0.001606773914458851,-2.500532865524292,2.131387710571289,0.4486959880429149,3.789561257387201e-17,-1.5264870015631633,4.95042311896698,0.9996749974753194,-0.11623269610223093,-0.2216874429313581,-0.0050000000000000044,0.0038771991227510056,900,0.004304945463816325,3.6803331,0.0032791551,2.25,1.0,4.599780236543993e-05,0.0063019716
-47.13333333333333,750,-5.791519994093563e-05,-0.8038563472328625,0.4805925454101048,0.01724054768400488,0.0014785376063082367,-2.2980945110321045,2.4436099529266357,0.4160798795060562,-1.4210854715202004e-17,-1.2491073812057354,4.9045260917435805,0.9997561492686752,-0.11295712382643186,-0.2216874429313581,-0.0050000000000000044,0.003666746546816543,915,-0.006671153306113349,3.6796699,0.0028227167,2.25,1.0,9.503875699250909e-05,0.010422063
-47.2,750,0.009939065398122754,-0.6864616500314172,0.7122579809129057,0.01902849988650252,0.032450003791600464,-2.2075459957122803,2.1942999362945557,0.4352632703187145,-2.842170943040401e-17,-1.090871387410727,4.329274665968597,0.9998172995351237,-0.1121881588375784,-0.2216874429313581,-0.004950125000000005,0.0038234158475096624,930,0.05697241783089108,3.694184,0.008735893,3.375,1.0,0.0001907589567963847,0.14286725
-46.333333333333336,750,-0.019639862971523925,-0.8462191879644526,0.7683558314664459,0.020727360982973467,-0.002740811202985545,-2.0229804515838623,2.5493111610412598,0.4523849721983297,-1.8947806286936004e-17,-1.6382505707877502,3.03673305210306,0.9997904384223301,-0.11137922949398961,-0.2216874429313581,0.0,0.003592787263261923,945,-0.033570313479953345,3.7019935,0.0014990772,2.25,1.0,8.565227854690567e-05,0.03811916
-46.666666666666664,750,0.013472164494725606,-0.8860598182283012,0.7484900819797994,0.024995121396652404,0.024878549300910283,-2.6509487628936768,2.271350145339966,0.45839296756555503,0.0,-1.6930138867536744,3.8159241212222077,0.999815913920871,-0.11076201296875163,-0.2216874429313581,0.0,0.003579348578758715,960,-0.016799446347766454,3.695111,0.0032825433,2.25,1.0,0.00018711447518322323,0.024103146
-49.0,750,-0.01619027398714586,-0.8362645878191739,0.7751717449289017,0.02415940554240197,0.010137865763468047,-2.6046695709228516,2.250290632247925,0.4534276188185976,0.0,-1.6935583642187748,5.154802398608074,0.9997528218120207,-0.1162225191612526,-0.2216874429313581,-0.0050000000000000044,0.0039161289446212,975,-0.06900979999203152,3.6956372,0.0030899658,2.25,1.0,9.651768793376594e-05,0.100431465
-48.06666666666667,750,-0.026669337472965005,-0.8803098005913215,0.7516978063888878,0.023253067570647476,-0.014159160748900225,-2.9224331378936768,2.1156182289123535,0.4543504381558554,2.842170943040401e-17,-1.9010423992887875,4.921252774605081,0.9997456359029248,-0.115008067327807,-0.2216874429313581,-0.0050000000000000044,0.0037738022056867503,990,-0.04351387025790744,3.6627076,0.0020496496,2.25,1.0,7.760071645261418e-05,0.040411204
-45.06666666666667,750,-0.03526961508946426,-0.8362280287997923,0.7605079632865616,0.01594638278654492,-0.026558839431032537,-2.103710174560547,2.266350269317627,0.4151933589423462,4.736951571734001e-18,-1.1473907524603781,4.369365303588551,0.9998756421830255,-0.10898398728536675,-0.2216874429313581,-0.0050000000000000044,0.0035783720360108794,1005,-0.04914313316043218,3.6514506,0.0020815332,2.25,1.0,0.00040059185176357753,0.09538006
